rank,video,start_sec,end_sec,surprise
1,/data/asem.a.abdelaziz/gp-2027a/ego4d_data/v2/full_scale/fold6/dc4afc9e-7a2d-4876-b5cf-fde740582358.mp4,492.0,498.0,0.7289997339248657
2,/data/asem.a.abdelaziz/gp-2027a/ego4d_data/v2/full_scale/fold6/dc4afc9e-7a2d-4876-b5cf-fde740582358.mp4,84.0,90.0,0.718377947807312
3,/data/asem.a.abdelaziz/gp-2027a/ego4d_data/v2/full_scale/fold6/dc4afc9e-7a2d-4876-b5cf-fde740582358.mp4,384.0,390.0,0.7121113538742065
4,/data/asem.a.abdelaziz/gp-2027a/ego4d_data/v2/full_scale/fold6/dc4afc9e-7a2d-4876-b5cf-fde740582358.mp4,450.0,456.0,0.7085331082344055
5,/data/asem.a.abdelaziz/gp-2027a/ego4d_data/v2/full_scale/fold6/dc4afc9e-7a2d-4876-b5cf-fde740582358.mp4,510.0,516.0,0.7084620594978333
6,/data/asem.a.abdelaziz/gp-2027a/ego4d_data/v2/full_scale/fold6/dc4afc9e-7a2d-4876-b5cf-fde740582358.mp4,138.0,144.0,0.7075535655021667
7,/data/asem.a.abdelaziz/gp-2027a/ego4d_data/v2/full_scale/fold6/dc4afc9e-7a2d-4876-b5cf-fde740582358.mp4,432.0,438.0,0.706702470779419
8,/data/asem.a.abdelaziz/gp-2027a/ego4d_data/v2/full_scale/fold6/dc4afc9e-7a2d-4876-b5cf-fde740582358.mp4,24.0,30.0,0.7036417722702026
9,/data/asem.a.abdelaziz/gp-2027a/ego4d_data/v2/full_scale/fold6/dc4afc9e-7a2d-4876-b5cf-fde740582358.mp4,132.0,138.0,0.7022351622581482
10,/data/asem.a.abdelaziz/gp-2027a/ego4d_data/v2/full_scale/fold6/dc4afc9e-7a2d-4876-b5cf-fde740582358.mp4,438.0,444.0,0.6991394758224487
11,/data/asem.a.abdelaziz/gp-2027a/ego4d_data/v2/full_scale/fold6/dc4afc9e-7a2d-4876-b5cf-fde740582358.mp4,402.0,408.0,0.6990708708763123
12,/data/asem.a.abdelaziz/gp-2027a/ego4d_data/v2/full_scale/fold6/dc4afc9e-7a2d-4876-b5cf-fde740582358.mp4,504.0,510.0,0.6967628598213196
13,/data/asem.a.abdelaziz/gp-2027a/ego4d_data/v2/full_scale/fold6/dc4afc9e-7a2d-4876-b5cf-fde740582358.mp4,624.0,630.0,0.6956978440284729
14,/data/asem.a.abdelaziz/gp-2027a/ego4d_data/v2/full_scale/fold6/dc4afc9e-7a2d-4876-b5cf-fde740582358.mp4,534.0,540.0,0.6953722834587097
15,/data/asem.a.abdelaziz/gp-2027a/ego4d_data/v2/full_scale/fold6/dc4afc9e-7a2d-4876-b5cf-fde740582358.mp4,372.0,378.0,0.6936734318733215
16,/data/asem.a.abdelaziz/gp-2027a/ego4d_data/v2/full_scale/fold6/dc4afc9e-7a2d-4876-b5cf-fde740582358.mp4,666.0,672.0,0.6934782266616821
17,/data/asem.a.abdelaziz/gp-2027a/ego4d_data/v2/full_scale/fold6/dc4afc9e-7a2d-4876-b5cf-fde740582358.mp4,90.0,96.0,0.6926371455192566
18,/data/asem.a.abdelaziz/gp-2027a/ego4d_data/v2/full_scale/fold6/dc4afc9e-7a2d-4876-b5cf-fde740582358.mp4,180.0,186.0,0.6916600465774536
19,/data/asem.a.abdelaziz/gp-2027a/ego4d_data/v2/full_scale/fold6/dc4afc9e-7a2d-4876-b5cf-fde740582358.mp4,660.0,666.0,0.6914641261100769
20,/data/asem.a.abdelaziz/gp-2027a/ego4d_data/v2/full_scale/fold6/dc4afc9e-7a2d-4876-b5cf-fde740582358.mp4,630.0,636.0,0.6907294392585754
21,/data/asem.a.abdelaziz/gp-2027a/ego4d_data/v2/full_scale/fold6/dc4afc9e-7a2d-4876-b5cf-fde740582358.mp4,30.0,36.0,0.6896310448646545
22,/data/asem.a.abdelaziz/gp-2027a/ego4d_data/v2/full_scale/fold6/dc4afc9e-7a2d-4876-b5cf-fde740582358.mp4,144.0,150.0,0.6890628933906555
23,/data/asem.a.abdelaziz/gp-2027a/ego4d_data/v2/full_scale/fold6/dc4afc9e-7a2d-4876-b5cf-fde740582358.mp4,174.0,180.0,0.6884241700172424
24,/data/asem.a.abdelaziz/gp-2027a/ego4d_data/v2/full_scale/fold6/dc4afc9e-7a2d-4876-b5cf-fde740582358.mp4,150.0,156.0,0.687657356262207
25,/data/asem.a.abdelaziz/gp-2027a/ego4d_data/v2/full_scale/fold6/dc4afc9e-7a2d-4876-b5cf-fde740582358.mp4,528.0,534.0,0.6870519518852234
26,/data/asem.a.abdelaziz/gp-2027a/ego4d_data/v2/full_scale/fold6/dc4afc9e-7a2d-4876-b5cf-fde740582358.mp4,408.0,414.0,0.6863548159599304
27,/data/asem.a.abdelaziz/gp-2027a/ego4d_data/v2/full_scale/fold6/dc4afc9e-7a2d-4876-b5cf-fde740582358.mp4,516.0,522.0,0.6858961582183838
28,/data/asem.a.abdelaziz/gp-2027a/ego4d_data/v2/full_scale/fold6/dc4afc9e-7a2d-4876-b5cf-fde740582358.mp4,606.0,612.0,0.6844797730445862
29,/data/asem.a.abdelaziz/gp-2027a/ego4d_data/v2/full_scale/fold6/dc4afc9e-7a2d-4876-b5cf-fde740582358.mp4,258.0,264.0,0.6832410097122192
30,/data/asem.a.abdelaziz/gp-2027a/ego4d_data/v2/full_scale/fold6/dc4afc9e-7a2d-4876-b5cf-fde740582358.mp4,288.0,294.0,0.683135449886322
31,/data/asem.a.abdelaziz/gp-2027a/ego4d_data/v2/full_scale/fold6/dc4afc9e-7a2d-4876-b5cf-fde740582358.mp4,456.0,462.0,0.6802963018417358
32,/data/asem.a.abdelaziz/gp-2027a/ego4d_data/v2/full_scale/fold6/dc4afc9e-7a2d-4876-b5cf-fde740582358.mp4,546.0,552.0,0.679629385471344
33,/data/asem.a.abdelaziz/gp-2027a/ego4d_data/v2/full_scale/fold6/dc4afc9e-7a2d-4876-b5cf-fde740582358.mp4,390.0,396.0,0.6792476177215576
34,/data/asem.a.abdelaziz/gp-2027a/ego4d_data/v2/full_scale/fold6/dc4afc9e-7a2d-4876-b5cf-fde740582358.mp4,186.0,192.0,0.6787744164466858
35,/data/asem.a.abdelaziz/gp-2027a/ego4d_data/v2/full_scale/fold6/dc4afc9e-7a2d-4876-b5cf-fde740582358.mp4,312.0,318.0,0.6785324811935425
36,/data/asem.a.abdelaziz/gp-2027a/ego4d_data/v2/full_scale/fold6/dc4afc9e-7a2d-4876-b5cf-fde740582358.mp4,120.0,126.0,0.6782408356666565
37,/data/asem.a.abdelaziz/gp-2027a/ego4d_data/v2/full_scale/fold6/dc4afc9e-7a2d-4876-b5cf-fde740582358.mp4,612.0,618.0,0.6759939193725586
38,/data/asem.a.abdelaziz/gp-2027a/ego4d_data/v2/full_scale/fold6/dc4afc9e-7a2d-4876-b5cf-fde740582358.mp4,570.0,576.0,0.6753858327865601
39,/data/asem.a.abdelaziz/gp-2027a/ego4d_data/v2/full_scale/fold6/dc4afc9e-7a2d-4876-b5cf-fde740582358.mp4,582.0,588.0,0.6750125885009766
40,/data/asem.a.abdelaziz/gp-2027a/ego4d_data/v2/full_scale/fold6/dc4afc9e-7a2d-4876-b5cf-fde740582358.mp4,618.0,624.0,0.674860417842865
41,/data/asem.a.abdelaziz/gp-2027a/ego4d_data/v2/full_scale/fold6/dc4afc9e-7a2d-4876-b5cf-fde740582358.mp4,636.0,642.0,0.6720302104949951
42,/data/asem.a.abdelaziz/gp-2027a/ego4d_data/v2/full_scale/fold6/dc4afc9e-7a2d-4876-b5cf-fde740582358.mp4,576.0,582.0,0.6718937754631042
43,/data/asem.a.abdelaziz/gp-2027a/ego4d_data/v2/full_scale/fold6/dc4afc9e-7a2d-4876-b5cf-fde740582358.mp4,0.0,6.0,0.6709137558937073
44,/data/asem.a.abdelaziz/gp-2027a/ego4d_data/v2/full_scale/fold6/dc4afc9e-7a2d-4876-b5cf-fde740582358.mp4,108.0,114.0,0.670389711856842
45,/data/asem.a.abdelaziz/gp-2027a/ego4d_data/v2/full_scale/fold6/dc4afc9e-7a2d-4876-b5cf-fde740582358.mp4,444.0,450.0,0.6696488261222839
46,/data/asem.a.abdelaziz/gp-2027a/ego4d_data/v2/full_scale/fold6/dc4afc9e-7a2d-4876-b5cf-fde740582358.mp4,522.0,528.0,0.6662930846214294
47,/data/asem.a.abdelaziz/gp-2027a/ego4d_data/v2/full_scale/fold6/dc4afc9e-7a2d-4876-b5cf-fde740582358.mp4,246.0,252.0,0.6653966307640076
48,/data/asem.a.abdelaziz/gp-2027a/ego4d_data/v2/full_scale/fold6/dc4afc9e-7a2d-4876-b5cf-fde740582358.mp4,702.0,708.0,0.6647680997848511
49,/data/asem.a.abdelaziz/gp-2027a/ego4d_data/v2/full_scale/fold6/dc4afc9e-7a2d-4876-b5cf-fde740582358.mp4,486.0,492.0,0.6641000509262085
50,/data/asem.a.abdelaziz/gp-2027a/ego4d_data/v2/full_scale/fold6/dc4afc9e-7a2d-4876-b5cf-fde740582358.mp4,240.0,246.0,0.6638303995132446
51,/data/asem.a.abdelaziz/gp-2027a/ego4d_data/v2/full_scale/fold6/dc4afc9e-7a2d-4876-b5cf-fde740582358.mp4,126.0,132.0,0.6633819937705994
52,/data/asem.a.abdelaziz/gp-2027a/ego4d_data/v2/full_scale/fold6/dc4afc9e-7a2d-4876-b5cf-fde740582358.mp4,396.0,402.0,0.6627197265625
53,/data/asem.a.abdelaziz/gp-2027a/ego4d_data/v2/full_scale/fold6/dc4afc9e-7a2d-4876-b5cf-fde740582358.mp4,462.0,468.0,0.6609534025192261
54,/data/asem.a.abdelaziz/gp-2027a/ego4d_data/v2/full_scale/fold6/dc4afc9e-7a2d-4876-b5cf-fde740582358.mp4,642.0,648.0,0.6595619320869446
55,/data/asem.a.abdelaziz/gp-2027a/ego4d_data/v2/full_scale/fold6/dc4afc9e-7a2d-4876-b5cf-fde740582358.mp4,96.0,102.0,0.659125566482544
56,/data/asem.a.abdelaziz/gp-2027a/ego4d_data/v2/full_scale/fold6/dc4afc9e-7a2d-4876-b5cf-fde740582358.mp4,156.0,162.0,0.6585626602172852
57,/data/asem.a.abdelaziz/gp-2027a/ego4d_data/v2/full_scale/fold6/dc4afc9e-7a2d-4876-b5cf-fde740582358.mp4,114.0,120.0,0.6575337648391724
58,/data/asem.a.abdelaziz/gp-2027a/ego4d_data/v2/full_scale/fold6/dc4afc9e-7a2d-4876-b5cf-fde740582358.mp4,654.0,660.0,0.6574346423149109
59,/data/asem.a.abdelaziz/gp-2027a/ego4d_data/v2/full_scale/fold6/dc4afc9e-7a2d-4876-b5cf-fde740582358.mp4,264.0,270.0,0.6564505696296692
60,/data/asem.a.abdelaziz/gp-2027a/ego4d_data/v2/full_scale/fold6/dc4afc9e-7a2d-4876-b5cf-fde740582358.mp4,102.0,108.0,0.6558535695075989
61,/data/asem.a.abdelaziz/gp-2027a/ego4d_data/v2/full_scale/fold6/dc4afc9e-7a2d-4876-b5cf-fde740582358.mp4,498.0,504.0,0.6550679802894592
62,/data/asem.a.abdelaziz/gp-2027a/ego4d_data/v2/full_scale/fold6/dc4afc9e-7a2d-4876-b5cf-fde740582358.mp4,678.0,684.0,0.6549288034439087
63,/data/asem.a.abdelaziz/gp-2027a/ego4d_data/v2/full_scale/fold6/dc4afc9e-7a2d-4876-b5cf-fde740582358.mp4,36.0,42.0,0.6512743830680847
64,/data/asem.a.abdelaziz/gp-2027a/ego4d_data/v2/full_scale/fold6/dc4afc9e-7a2d-4876-b5cf-fde740582358.mp4,648.0,654.0,0.6484476923942566
65,/data/asem.a.abdelaziz/gp-2027a/ego4d_data/v2/full_scale/fold6/dc4afc9e-7a2d-4876-b5cf-fde740582358.mp4,480.0,486.0,0.6481443643569946
66,/data/asem.a.abdelaziz/gp-2027a/ego4d_data/v2/full_scale/fold6/dc4afc9e-7a2d-4876-b5cf-fde740582358.mp4,306.0,312.0,0.6478039026260376
67,/data/asem.a.abdelaziz/gp-2027a/ego4d_data/v2/full_scale/fold6/dc4afc9e-7a2d-4876-b5cf-fde740582358.mp4,378.0,384.0,0.6465959548950195
68,/data/asem.a.abdelaziz/gp-2027a/ego4d_data/v2/full_scale/fold6/dc4afc9e-7a2d-4876-b5cf-fde740582358.mp4,204.0,210.0,0.644705593585968
69,/data/asem.a.abdelaziz/gp-2027a/ego4d_data/v2/full_scale/fold6/dc4afc9e-7a2d-4876-b5cf-fde740582358.mp4,564.0,570.0,0.6436205506324768
70,/data/asem.a.abdelaziz/gp-2027a/ego4d_data/v2/full_scale/fold6/dc4afc9e-7a2d-4876-b5cf-fde740582358.mp4,6.0,12.0,0.643217146396637
71,/data/asem.a.abdelaziz/gp-2027a/ego4d_data/v2/full_scale/fold6/dc4afc9e-7a2d-4876-b5cf-fde740582358.mp4,594.0,600.0,0.6429227590560913
72,/data/asem.a.abdelaziz/gp-2027a/ego4d_data/v2/full_scale/fold6/dc4afc9e-7a2d-4876-b5cf-fde740582358.mp4,42.0,48.0,0.6428413987159729
73,/data/asem.a.abdelaziz/gp-2027a/ego4d_data/v2/full_scale/fold6/dc4afc9e-7a2d-4876-b5cf-fde740582358.mp4,12.0,18.0,0.6427269577980042
74,/data/asem.a.abdelaziz/gp-2027a/ego4d_data/v2/full_scale/fold6/dc4afc9e-7a2d-4876-b5cf-fde740582358.mp4,192.0,198.0,0.6424417495727539
75,/data/asem.a.abdelaziz/gp-2027a/ego4d_data/v2/full_scale/fold6/dc4afc9e-7a2d-4876-b5cf-fde740582358.mp4,294.0,300.0,0.6406374573707581
76,/data/asem.a.abdelaziz/gp-2027a/ego4d_data/v2/full_scale/fold6/dc4afc9e-7a2d-4876-b5cf-fde740582358.mp4,600.0,606.0,0.6367667317390442
77,/data/asem.a.abdelaziz/gp-2027a/ego4d_data/v2/full_scale/fold6/dc4afc9e-7a2d-4876-b5cf-fde740582358.mp4,474.0,480.0,0.6361235976219177
78,/data/asem.a.abdelaziz/gp-2027a/ego4d_data/v2/full_scale/fold6/dc4afc9e-7a2d-4876-b5cf-fde740582358.mp4,696.0,702.0,0.6359875798225403
79,/data/asem.a.abdelaziz/gp-2027a/ego4d_data/v2/full_scale/fold6/dc4afc9e-7a2d-4876-b5cf-fde740582358.mp4,558.0,564.0,0.6359446048736572
80,/data/asem.a.abdelaziz/gp-2027a/ego4d_data/v2/full_scale/fold6/dc4afc9e-7a2d-4876-b5cf-fde740582358.mp4,540.0,546.0,0.6348689794540405
81,/data/asem.a.abdelaziz/gp-2027a/ego4d_data/v2/full_scale/fold6/dc4afc9e-7a2d-4876-b5cf-fde740582358.mp4,210.0,216.0,0.6346417665481567
82,/data/asem.a.abdelaziz/gp-2027a/ego4d_data/v2/full_scale/fold6/dc4afc9e-7a2d-4876-b5cf-fde740582358.mp4,684.0,690.0,0.6336509585380554
83,/data/asem.a.abdelaziz/gp-2027a/ego4d_data/v2/full_scale/fold6/dc4afc9e-7a2d-4876-b5cf-fde740582358.mp4,342.0,348.0,0.6334412693977356
84,/data/asem.a.abdelaziz/gp-2027a/ego4d_data/v2/full_scale/fold6/dc4afc9e-7a2d-4876-b5cf-fde740582358.mp4,78.0,84.0,0.6318812370300293
85,/data/asem.a.abdelaziz/gp-2027a/ego4d_data/v2/full_scale/fold6/dc4afc9e-7a2d-4876-b5cf-fde740582358.mp4,414.0,420.0,0.6318789124488831
86,/data/asem.a.abdelaziz/gp-2027a/ego4d_data/v2/full_scale/fold6/dc4afc9e-7a2d-4876-b5cf-fde740582358.mp4,672.0,678.0,0.6317314505577087
87,/data/asem.a.abdelaziz/gp-2027a/ego4d_data/v2/full_scale/fold6/dc4afc9e-7a2d-4876-b5cf-fde740582358.mp4,60.0,66.0,0.6310020685195923
88,/data/asem.a.abdelaziz/gp-2027a/ego4d_data/v2/full_scale/fold6/dc4afc9e-7a2d-4876-b5cf-fde740582358.mp4,48.0,54.0,0.6291707158088684
89,/data/asem.a.abdelaziz/gp-2027a/ego4d_data/v2/full_scale/fold6/dc4afc9e-7a2d-4876-b5cf-fde740582358.mp4,270.0,276.0,0.6291264891624451
90,/data/asem.a.abdelaziz/gp-2027a/ego4d_data/v2/full_scale/fold6/dc4afc9e-7a2d-4876-b5cf-fde740582358.mp4,366.0,372.0,0.6275289058685303
91,/data/asem.a.abdelaziz/gp-2027a/ego4d_data/v2/full_scale/fold6/dc4afc9e-7a2d-4876-b5cf-fde740582358.mp4,468.0,474.0,0.6272911429405212
92,/data/asem.a.abdelaziz/gp-2027a/ego4d_data/v2/full_scale/fold6/dc4afc9e-7a2d-4876-b5cf-fde740582358.mp4,318.0,324.0,0.6268556118011475
93,/data/asem.a.abdelaziz/gp-2027a/ego4d_data/v2/full_scale/fold6/dc4afc9e-7a2d-4876-b5cf-fde740582358.mp4,168.0,174.0,0.6249368190765381
94,/data/asem.a.abdelaziz/gp-2027a/ego4d_data/v2/full_scale/fold6/dc4afc9e-7a2d-4876-b5cf-fde740582358.mp4,690.0,696.0,0.6244189143180847
95,/data/asem.a.abdelaziz/gp-2027a/ego4d_data/v2/full_scale/fold6/dc4afc9e-7a2d-4876-b5cf-fde740582358.mp4,162.0,168.0,0.6241565346717834
96,/data/asem.a.abdelaziz/gp-2027a/ego4d_data/v2/full_scale/fold6/dc4afc9e-7a2d-4876-b5cf-fde740582358.mp4,276.0,282.0,0.6241168975830078
97,/data/asem.a.abdelaziz/gp-2027a/ego4d_data/v2/full_scale/fold6/dc4afc9e-7a2d-4876-b5cf-fde740582358.mp4,324.0,330.0,0.6234530806541443
98,/data/asem.a.abdelaziz/gp-2027a/ego4d_data/v2/full_scale/fold6/dc4afc9e-7a2d-4876-b5cf-fde740582358.mp4,66.0,72.0,0.6232325434684753
99,/data/asem.a.abdelaziz/gp-2027a/ego4d_data/v2/full_scale/fold6/dc4afc9e-7a2d-4876-b5cf-fde740582358.mp4,18.0,24.0,0.6229009628295898
100,/data/asem.a.abdelaziz/gp-2027a/ego4d_data/v2/full_scale/fold6/dc4afc9e-7a2d-4876-b5cf-fde740582358.mp4,222.0,228.0,0.6228771209716797
101,/data/asem.a.abdelaziz/gp-2027a/ego4d_data/v2/full_scale/fold6/dc4afc9e-7a2d-4876-b5cf-fde740582358.mp4,54.0,60.0,0.622383713722229
102,/data/asem.a.abdelaziz/gp-2027a/ego4d_data/v2/full_scale/fold6/dc4afc9e-7a2d-4876-b5cf-fde740582358.mp4,360.0,366.0,0.6223039031028748
103,/data/asem.a.abdelaziz/gp-2027a/ego4d_data/v2/full_scale/fold6/dc4afc9e-7a2d-4876-b5cf-fde740582358.mp4,216.0,222.0,0.6206141114234924
104,/data/asem.a.abdelaziz/gp-2027a/ego4d_data/v2/full_scale/fold6/dc4afc9e-7a2d-4876-b5cf-fde740582358.mp4,330.0,336.0,0.6202771067619324
105,/data/asem.a.abdelaziz/gp-2027a/ego4d_data/v2/full_scale/fold6/dc4afc9e-7a2d-4876-b5cf-fde740582358.mp4,336.0,342.0,0.6189082860946655
106,/data/asem.a.abdelaziz/gp-2027a/ego4d_data/v2/full_scale/fold6/dc4afc9e-7a2d-4876-b5cf-fde740582358.mp4,234.0,240.0,0.6180537343025208
107,/data/asem.a.abdelaziz/gp-2027a/ego4d_data/v2/full_scale/fold6/dc4afc9e-7a2d-4876-b5cf-fde740582358.mp4,552.0,558.0,0.6171755790710449
108,/data/asem.a.abdelaziz/gp-2027a/ego4d_data/v2/full_scale/fold6/dc4afc9e-7a2d-4876-b5cf-fde740582358.mp4,198.0,204.0,0.6168686151504517
109,/data/asem.a.abdelaziz/gp-2027a/ego4d_data/v2/full_scale/fold6/dc4afc9e-7a2d-4876-b5cf-fde740582358.mp4,426.0,432.0,0.6163226962089539
110,/data/asem.a.abdelaziz/gp-2027a/ego4d_data/v2/full_scale/fold6/dc4afc9e-7a2d-4876-b5cf-fde740582358.mp4,72.0,78.0,0.6149992942810059
111,/data/asem.a.abdelaziz/gp-2027a/ego4d_data/v2/full_scale/fold6/dc4afc9e-7a2d-4876-b5cf-fde740582358.mp4,354.0,360.0,0.6137808561325073
112,/data/asem.a.abdelaziz/gp-2027a/ego4d_data/v2/full_scale/fold6/dc4afc9e-7a2d-4876-b5cf-fde740582358.mp4,252.0,258.0,0.6137315630912781
113,/data/asem.a.abdelaziz/gp-2027a/ego4d_data/v2/full_scale/fold6/dc4afc9e-7a2d-4876-b5cf-fde740582358.mp4,588.0,594.0,0.6133050322532654
114,/data/asem.a.abdelaziz/gp-2027a/ego4d_data/v2/full_scale/fold6/dc4afc9e-7a2d-4876-b5cf-fde740582358.mp4,228.0,234.0,0.6131555438041687
115,/data/asem.a.abdelaziz/gp-2027a/ego4d_data/v2/full_scale/fold6/dc4afc9e-7a2d-4876-b5cf-fde740582358.mp4,348.0,354.0,0.6109157800674438
116,/data/asem.a.abdelaziz/gp-2027a/ego4d_data/v2/full_scale/fold6/dc4afc9e-7a2d-4876-b5cf-fde740582358.mp4,300.0,306.0,0.6095780730247498
117,/data/asem.a.abdelaziz/gp-2027a/ego4d_data/v2/full_scale/fold6/dc4afc9e-7a2d-4876-b5cf-fde740582358.mp4,282.0,288.0,0.6045973300933838
118,/data/asem.a.abdelaziz/gp-2027a/ego4d_data/v2/full_scale/fold6/dc4afc9e-7a2d-4876-b5cf-fde740582358.mp4,420.0,426.0,0.6045945882797241
