rank,video,start_sec,end_sec,surprise,copy_error
1,/data/asem.a.abdelaziz/gp-2027a/ego4d_data/v2/full_scale/fold6/09bf0ac3-eb69-4138-8360-2862f45a9755.mp4,1200.0,1206.0,0.4225572645664215,0.4284859895706177
2,/data/asem.a.abdelaziz/gp-2027a/ego4d_data/v2/full_scale/fold6/09bf0ac3-eb69-4138-8360-2862f45a9755.mp4,1500.0,1506.0,0.3846392333507538,0.4856204092502594
3,/data/asem.a.abdelaziz/gp-2027a/ego4d_data/v2/full_scale/fold6/09bf0ac3-eb69-4138-8360-2862f45a9755.mp4,1620.0,1626.0,0.3755166828632355,0.5116819739341736
4,/data/asem.a.abdelaziz/gp-2027a/ego4d_data/v2/full_scale/fold6/09bf0ac3-eb69-4138-8360-2862f45a9755.mp4,1632.0,1638.0,0.37471243739128113,0.5049801468849182
5,/data/asem.a.abdelaziz/gp-2027a/ego4d_data/v2/full_scale/fold6/09bf0ac3-eb69-4138-8360-2862f45a9755.mp4,6.0,12.0,0.37074869871139526,0.48552295565605164
6,/data/asem.a.abdelaziz/gp-2027a/ego4d_data/v2/full_scale/fold6/09bf0ac3-eb69-4138-8360-2862f45a9755.mp4,1548.0,1554.0,0.36120498180389404,0.4663311839103699
7,/data/asem.a.abdelaziz/gp-2027a/ego4d_data/v2/full_scale/fold6/09bf0ac3-eb69-4138-8360-2862f45a9755.mp4,24.0,30.0,0.3600962460041046,0.46194472908973694
8,/data/asem.a.abdelaziz/gp-2027a/ego4d_data/v2/full_scale/fold6/09bf0ac3-eb69-4138-8360-2862f45a9755.mp4,1614.0,1620.0,0.35948440432548523,0.4592144191265106
9,/data/asem.a.abdelaziz/gp-2027a/ego4d_data/v2/full_scale/fold6/09bf0ac3-eb69-4138-8360-2862f45a9755.mp4,1164.0,1170.0,0.3589344918727875,0.48825669288635254
10,/data/asem.a.abdelaziz/gp-2027a/ego4d_data/v2/full_scale/fold6/09bf0ac3-eb69-4138-8360-2862f45a9755.mp4,696.0,702.0,0.35843226313591003,0.49631446599960327
11,/data/asem.a.abdelaziz/gp-2027a/ego4d_data/v2/full_scale/fold6/09bf0ac3-eb69-4138-8360-2862f45a9755.mp4,618.0,624.0,0.3573298156261444,0.4892551898956299
12,/data/asem.a.abdelaziz/gp-2027a/ego4d_data/v2/full_scale/fold6/09bf0ac3-eb69-4138-8360-2862f45a9755.mp4,1386.0,1392.0,0.35667577385902405,0.4497029483318329
13,/data/asem.a.abdelaziz/gp-2027a/ego4d_data/v2/full_scale/fold6/09bf0ac3-eb69-4138-8360-2862f45a9755.mp4,450.0,456.0,0.3564762473106384,0.47605541348457336
14,/data/asem.a.abdelaziz/gp-2027a/ego4d_data/v2/full_scale/fold6/09bf0ac3-eb69-4138-8360-2862f45a9755.mp4,1182.0,1188.0,0.35511332750320435,0.46866053342819214
15,/data/asem.a.abdelaziz/gp-2027a/ego4d_data/v2/full_scale/fold6/09bf0ac3-eb69-4138-8360-2862f45a9755.mp4,1512.0,1518.0,0.354214072227478,0.45048683881759644
16,/data/asem.a.abdelaziz/gp-2027a/ego4d_data/v2/full_scale/fold6/09bf0ac3-eb69-4138-8360-2862f45a9755.mp4,0.0,6.0,0.3538001477718353,0.4641279876232147
17,/data/asem.a.abdelaziz/gp-2027a/ego4d_data/v2/full_scale/fold6/09bf0ac3-eb69-4138-8360-2862f45a9755.mp4,534.0,540.0,0.3523358404636383,0.4531576335430145
18,/data/asem.a.abdelaziz/gp-2027a/ego4d_data/v2/full_scale/fold6/09bf0ac3-eb69-4138-8360-2862f45a9755.mp4,828.0,834.0,0.3516128361225128,0.4507887065410614
19,/data/asem.a.abdelaziz/gp-2027a/ego4d_data/v2/full_scale/fold6/09bf0ac3-eb69-4138-8360-2862f45a9755.mp4,804.0,810.0,0.35131731629371643,0.45429161190986633
20,/data/asem.a.abdelaziz/gp-2027a/ego4d_data/v2/full_scale/fold6/09bf0ac3-eb69-4138-8360-2862f45a9755.mp4,1626.0,1632.0,0.3511905074119568,0.45314034819602966
21,/data/asem.a.abdelaziz/gp-2027a/ego4d_data/v2/full_scale/fold6/09bf0ac3-eb69-4138-8360-2862f45a9755.mp4,756.0,762.0,0.35085365176200867,0.45471546053886414
22,/data/asem.a.abdelaziz/gp-2027a/ego4d_data/v2/full_scale/fold6/09bf0ac3-eb69-4138-8360-2862f45a9755.mp4,678.0,684.0,0.3506183922290802,0.463039755821228
23,/data/asem.a.abdelaziz/gp-2027a/ego4d_data/v2/full_scale/fold6/09bf0ac3-eb69-4138-8360-2862f45a9755.mp4,528.0,534.0,0.3491457402706146,0.4642319679260254
24,/data/asem.a.abdelaziz/gp-2027a/ego4d_data/v2/full_scale/fold6/09bf0ac3-eb69-4138-8360-2862f45a9755.mp4,1170.0,1176.0,0.3482171297073364,0.460239440202713
25,/data/asem.a.abdelaziz/gp-2027a/ego4d_data/v2/full_scale/fold6/09bf0ac3-eb69-4138-8360-2862f45a9755.mp4,1176.0,1182.0,0.34819909930229187,0.45697182416915894
26,/data/asem.a.abdelaziz/gp-2027a/ego4d_data/v2/full_scale/fold6/09bf0ac3-eb69-4138-8360-2862f45a9755.mp4,48.0,54.0,0.3481876850128174,0.465634822845459
27,/data/asem.a.abdelaziz/gp-2027a/ego4d_data/v2/full_scale/fold6/09bf0ac3-eb69-4138-8360-2862f45a9755.mp4,1446.0,1452.0,0.348025381565094,0.4505690336227417
28,/data/asem.a.abdelaziz/gp-2027a/ego4d_data/v2/full_scale/fold6/09bf0ac3-eb69-4138-8360-2862f45a9755.mp4,702.0,708.0,0.34745845198631287,0.4517761468887329
29,/data/asem.a.abdelaziz/gp-2027a/ego4d_data/v2/full_scale/fold6/09bf0ac3-eb69-4138-8360-2862f45a9755.mp4,990.0,996.0,0.34725427627563477,0.4766360819339752
30,/data/asem.a.abdelaziz/gp-2027a/ego4d_data/v2/full_scale/fold6/09bf0ac3-eb69-4138-8360-2862f45a9755.mp4,834.0,840.0,0.3470131456851959,0.4560624063014984
31,/data/asem.a.abdelaziz/gp-2027a/ego4d_data/v2/full_scale/fold6/09bf0ac3-eb69-4138-8360-2862f45a9755.mp4,768.0,774.0,0.3468395471572876,0.4451788365840912
32,/data/asem.a.abdelaziz/gp-2027a/ego4d_data/v2/full_scale/fold6/09bf0ac3-eb69-4138-8360-2862f45a9755.mp4,684.0,690.0,0.3465941548347473,0.4526790678501129
33,/data/asem.a.abdelaziz/gp-2027a/ego4d_data/v2/full_scale/fold6/09bf0ac3-eb69-4138-8360-2862f45a9755.mp4,1464.0,1470.0,0.3463146388530731,0.4479919672012329
34,/data/asem.a.abdelaziz/gp-2027a/ego4d_data/v2/full_scale/fold6/09bf0ac3-eb69-4138-8360-2862f45a9755.mp4,456.0,462.0,0.3462902903556824,0.45418035984039307
35,/data/asem.a.abdelaziz/gp-2027a/ego4d_data/v2/full_scale/fold6/09bf0ac3-eb69-4138-8360-2862f45a9755.mp4,630.0,636.0,0.3462250828742981,0.445799320936203
36,/data/asem.a.abdelaziz/gp-2027a/ego4d_data/v2/full_scale/fold6/09bf0ac3-eb69-4138-8360-2862f45a9755.mp4,732.0,738.0,0.346126914024353,0.4455428123474121
37,/data/asem.a.abdelaziz/gp-2027a/ego4d_data/v2/full_scale/fold6/09bf0ac3-eb69-4138-8360-2862f45a9755.mp4,606.0,612.0,0.34601372480392456,0.45179417729377747
38,/data/asem.a.abdelaziz/gp-2027a/ego4d_data/v2/full_scale/fold6/09bf0ac3-eb69-4138-8360-2862f45a9755.mp4,366.0,372.0,0.34599795937538147,0.4601733982563019
39,/data/asem.a.abdelaziz/gp-2027a/ego4d_data/v2/full_scale/fold6/09bf0ac3-eb69-4138-8360-2862f45a9755.mp4,498.0,504.0,0.3459053933620453,0.444806843996048
40,/data/asem.a.abdelaziz/gp-2027a/ego4d_data/v2/full_scale/fold6/09bf0ac3-eb69-4138-8360-2862f45a9755.mp4,642.0,648.0,0.34572330117225647,0.45793282985687256
41,/data/asem.a.abdelaziz/gp-2027a/ego4d_data/v2/full_scale/fold6/09bf0ac3-eb69-4138-8360-2862f45a9755.mp4,1470.0,1476.0,0.3455328047275543,0.4530443251132965
42,/data/asem.a.abdelaziz/gp-2027a/ego4d_data/v2/full_scale/fold6/09bf0ac3-eb69-4138-8360-2862f45a9755.mp4,1494.0,1500.0,0.3453114926815033,0.4483928978443146
43,/data/asem.a.abdelaziz/gp-2027a/ego4d_data/v2/full_scale/fold6/09bf0ac3-eb69-4138-8360-2862f45a9755.mp4,810.0,816.0,0.34478381276130676,0.44576025009155273
44,/data/asem.a.abdelaziz/gp-2027a/ego4d_data/v2/full_scale/fold6/09bf0ac3-eb69-4138-8360-2862f45a9755.mp4,1488.0,1494.0,0.34469881653785706,0.4382671117782593
45,/data/asem.a.abdelaziz/gp-2027a/ego4d_data/v2/full_scale/fold6/09bf0ac3-eb69-4138-8360-2862f45a9755.mp4,552.0,558.0,0.3439703583717346,0.4391404688358307
46,/data/asem.a.abdelaziz/gp-2027a/ego4d_data/v2/full_scale/fold6/09bf0ac3-eb69-4138-8360-2862f45a9755.mp4,546.0,552.0,0.34393247961997986,0.4317716658115387
47,/data/asem.a.abdelaziz/gp-2027a/ego4d_data/v2/full_scale/fold6/09bf0ac3-eb69-4138-8360-2862f45a9755.mp4,1098.0,1104.0,0.3437482416629791,0.4423745572566986
48,/data/asem.a.abdelaziz/gp-2027a/ego4d_data/v2/full_scale/fold6/09bf0ac3-eb69-4138-8360-2862f45a9755.mp4,354.0,360.0,0.3437212407588959,0.4579712152481079
49,/data/asem.a.abdelaziz/gp-2027a/ego4d_data/v2/full_scale/fold6/09bf0ac3-eb69-4138-8360-2862f45a9755.mp4,840.0,846.0,0.343537837266922,0.4391844868659973
50,/data/asem.a.abdelaziz/gp-2027a/ego4d_data/v2/full_scale/fold6/09bf0ac3-eb69-4138-8360-2862f45a9755.mp4,474.0,480.0,0.34342074394226074,0.4380761384963989
51,/data/asem.a.abdelaziz/gp-2027a/ego4d_data/v2/full_scale/fold6/09bf0ac3-eb69-4138-8360-2862f45a9755.mp4,738.0,744.0,0.3433408737182617,0.44140681624412537
52,/data/asem.a.abdelaziz/gp-2027a/ego4d_data/v2/full_scale/fold6/09bf0ac3-eb69-4138-8360-2862f45a9755.mp4,660.0,666.0,0.3431771695613861,0.4351493716239929
53,/data/asem.a.abdelaziz/gp-2027a/ego4d_data/v2/full_scale/fold6/09bf0ac3-eb69-4138-8360-2862f45a9755.mp4,234.0,240.0,0.34314632415771484,0.4322986900806427
54,/data/asem.a.abdelaziz/gp-2027a/ego4d_data/v2/full_scale/fold6/09bf0ac3-eb69-4138-8360-2862f45a9755.mp4,666.0,672.0,0.342987596988678,0.4380902051925659
55,/data/asem.a.abdelaziz/gp-2027a/ego4d_data/v2/full_scale/fold6/09bf0ac3-eb69-4138-8360-2862f45a9755.mp4,1248.0,1254.0,0.34290921688079834,0.43759387731552124
56,/data/asem.a.abdelaziz/gp-2027a/ego4d_data/v2/full_scale/fold6/09bf0ac3-eb69-4138-8360-2862f45a9755.mp4,600.0,606.0,0.3428497314453125,0.4371160566806793
57,/data/asem.a.abdelaziz/gp-2027a/ego4d_data/v2/full_scale/fold6/09bf0ac3-eb69-4138-8360-2862f45a9755.mp4,1356.0,1362.0,0.3428223431110382,0.435333788394928
58,/data/asem.a.abdelaziz/gp-2027a/ego4d_data/v2/full_scale/fold6/09bf0ac3-eb69-4138-8360-2862f45a9755.mp4,786.0,792.0,0.3426458537578583,0.43847572803497314
59,/data/asem.a.abdelaziz/gp-2027a/ego4d_data/v2/full_scale/fold6/09bf0ac3-eb69-4138-8360-2862f45a9755.mp4,570.0,576.0,0.34250202775001526,0.4398752450942993
60,/data/asem.a.abdelaziz/gp-2027a/ego4d_data/v2/full_scale/fold6/09bf0ac3-eb69-4138-8360-2862f45a9755.mp4,822.0,828.0,0.3424738943576813,0.44394657015800476
61,/data/asem.a.abdelaziz/gp-2027a/ego4d_data/v2/full_scale/fold6/09bf0ac3-eb69-4138-8360-2862f45a9755.mp4,162.0,168.0,0.34239357709884644,0.4392348527908325
62,/data/asem.a.abdelaziz/gp-2027a/ego4d_data/v2/full_scale/fold6/09bf0ac3-eb69-4138-8360-2862f45a9755.mp4,1602.0,1608.0,0.3423277735710144,0.4313777685165405
63,/data/asem.a.abdelaziz/gp-2027a/ego4d_data/v2/full_scale/fold6/09bf0ac3-eb69-4138-8360-2862f45a9755.mp4,540.0,546.0,0.3423026204109192,0.44092220067977905
64,/data/asem.a.abdelaziz/gp-2027a/ego4d_data/v2/full_scale/fold6/09bf0ac3-eb69-4138-8360-2862f45a9755.mp4,816.0,822.0,0.3422337472438812,0.4486789107322693
65,/data/asem.a.abdelaziz/gp-2027a/ego4d_data/v2/full_scale/fold6/09bf0ac3-eb69-4138-8360-2862f45a9755.mp4,1452.0,1458.0,0.3421684801578522,0.45600536465644836
66,/data/asem.a.abdelaziz/gp-2027a/ego4d_data/v2/full_scale/fold6/09bf0ac3-eb69-4138-8360-2862f45a9755.mp4,792.0,798.0,0.3420701026916504,0.44860735535621643
67,/data/asem.a.abdelaziz/gp-2027a/ego4d_data/v2/full_scale/fold6/09bf0ac3-eb69-4138-8360-2862f45a9755.mp4,1608.0,1614.0,0.3419934809207916,0.4375496208667755
68,/data/asem.a.abdelaziz/gp-2027a/ego4d_data/v2/full_scale/fold6/09bf0ac3-eb69-4138-8360-2862f45a9755.mp4,846.0,852.0,0.34192436933517456,0.43502092361450195
69,/data/asem.a.abdelaziz/gp-2027a/ego4d_data/v2/full_scale/fold6/09bf0ac3-eb69-4138-8360-2862f45a9755.mp4,1506.0,1512.0,0.341732919216156,0.457167387008667
70,/data/asem.a.abdelaziz/gp-2027a/ego4d_data/v2/full_scale/fold6/09bf0ac3-eb69-4138-8360-2862f45a9755.mp4,912.0,918.0,0.3416527509689331,0.42870014905929565
71,/data/asem.a.abdelaziz/gp-2027a/ego4d_data/v2/full_scale/fold6/09bf0ac3-eb69-4138-8360-2862f45a9755.mp4,690.0,696.0,0.3415488004684448,0.44312065839767456
72,/data/asem.a.abdelaziz/gp-2027a/ego4d_data/v2/full_scale/fold6/09bf0ac3-eb69-4138-8360-2862f45a9755.mp4,306.0,312.0,0.34146496653556824,0.44099095463752747
73,/data/asem.a.abdelaziz/gp-2027a/ego4d_data/v2/full_scale/fold6/09bf0ac3-eb69-4138-8360-2862f45a9755.mp4,576.0,582.0,0.34143051505088806,0.45256227254867554
74,/data/asem.a.abdelaziz/gp-2027a/ego4d_data/v2/full_scale/fold6/09bf0ac3-eb69-4138-8360-2862f45a9755.mp4,78.0,84.0,0.3414212167263031,0.43878018856048584
75,/data/asem.a.abdelaziz/gp-2027a/ego4d_data/v2/full_scale/fold6/09bf0ac3-eb69-4138-8360-2862f45a9755.mp4,384.0,390.0,0.3413773775100708,0.441800594329834
76,/data/asem.a.abdelaziz/gp-2027a/ego4d_data/v2/full_scale/fold6/09bf0ac3-eb69-4138-8360-2862f45a9755.mp4,486.0,492.0,0.34136661887168884,0.433912992477417
77,/data/asem.a.abdelaziz/gp-2027a/ego4d_data/v2/full_scale/fold6/09bf0ac3-eb69-4138-8360-2862f45a9755.mp4,66.0,72.0,0.34097549319267273,0.44405245780944824
78,/data/asem.a.abdelaziz/gp-2027a/ego4d_data/v2/full_scale/fold6/09bf0ac3-eb69-4138-8360-2862f45a9755.mp4,1050.0,1056.0,0.3409556448459625,0.42616117000579834
79,/data/asem.a.abdelaziz/gp-2027a/ego4d_data/v2/full_scale/fold6/09bf0ac3-eb69-4138-8360-2862f45a9755.mp4,798.0,804.0,0.3408825695514679,0.434358686208725
80,/data/asem.a.abdelaziz/gp-2027a/ego4d_data/v2/full_scale/fold6/09bf0ac3-eb69-4138-8360-2862f45a9755.mp4,594.0,600.0,0.34082600474357605,0.43603596091270447
81,/data/asem.a.abdelaziz/gp-2027a/ego4d_data/v2/full_scale/fold6/09bf0ac3-eb69-4138-8360-2862f45a9755.mp4,522.0,528.0,0.34077662229537964,0.4400552213191986
82,/data/asem.a.abdelaziz/gp-2027a/ego4d_data/v2/full_scale/fold6/09bf0ac3-eb69-4138-8360-2862f45a9755.mp4,102.0,108.0,0.34075772762298584,0.43864917755126953
83,/data/asem.a.abdelaziz/gp-2027a/ego4d_data/v2/full_scale/fold6/09bf0ac3-eb69-4138-8360-2862f45a9755.mp4,1026.0,1032.0,0.34071084856987,0.43245673179626465
84,/data/asem.a.abdelaziz/gp-2027a/ego4d_data/v2/full_scale/fold6/09bf0ac3-eb69-4138-8360-2862f45a9755.mp4,744.0,750.0,0.34059393405914307,0.44784244894981384
85,/data/asem.a.abdelaziz/gp-2027a/ego4d_data/v2/full_scale/fold6/09bf0ac3-eb69-4138-8360-2862f45a9755.mp4,720.0,726.0,0.340514600276947,0.4368305504322052
86,/data/asem.a.abdelaziz/gp-2027a/ego4d_data/v2/full_scale/fold6/09bf0ac3-eb69-4138-8360-2862f45a9755.mp4,1350.0,1356.0,0.34051355719566345,0.4368329346179962
87,/data/asem.a.abdelaziz/gp-2027a/ego4d_data/v2/full_scale/fold6/09bf0ac3-eb69-4138-8360-2862f45a9755.mp4,276.0,282.0,0.3403179943561554,0.4460115432739258
88,/data/asem.a.abdelaziz/gp-2027a/ego4d_data/v2/full_scale/fold6/09bf0ac3-eb69-4138-8360-2862f45a9755.mp4,612.0,618.0,0.3402557671070099,0.43429288268089294
89,/data/asem.a.abdelaziz/gp-2027a/ego4d_data/v2/full_scale/fold6/09bf0ac3-eb69-4138-8360-2862f45a9755.mp4,636.0,642.0,0.34024742245674133,0.43595391511917114
90,/data/asem.a.abdelaziz/gp-2027a/ego4d_data/v2/full_scale/fold6/09bf0ac3-eb69-4138-8360-2862f45a9755.mp4,96.0,102.0,0.34022006392478943,0.4367534816265106
91,/data/asem.a.abdelaziz/gp-2027a/ego4d_data/v2/full_scale/fold6/09bf0ac3-eb69-4138-8360-2862f45a9755.mp4,114.0,120.0,0.3401641547679901,0.44564661383628845
92,/data/asem.a.abdelaziz/gp-2027a/ego4d_data/v2/full_scale/fold6/09bf0ac3-eb69-4138-8360-2862f45a9755.mp4,414.0,420.0,0.3401232659816742,0.4306112229824066
93,/data/asem.a.abdelaziz/gp-2027a/ego4d_data/v2/full_scale/fold6/09bf0ac3-eb69-4138-8360-2862f45a9755.mp4,852.0,858.0,0.3400619924068451,0.42980632185935974
94,/data/asem.a.abdelaziz/gp-2027a/ego4d_data/v2/full_scale/fold6/09bf0ac3-eb69-4138-8360-2862f45a9755.mp4,750.0,756.0,0.33982470631599426,0.43692854046821594
95,/data/asem.a.abdelaziz/gp-2027a/ego4d_data/v2/full_scale/fold6/09bf0ac3-eb69-4138-8360-2862f45a9755.mp4,348.0,354.0,0.3397631049156189,0.4389269948005676
96,/data/asem.a.abdelaziz/gp-2027a/ego4d_data/v2/full_scale/fold6/09bf0ac3-eb69-4138-8360-2862f45a9755.mp4,870.0,876.0,0.33967193961143494,0.4343377351760864
97,/data/asem.a.abdelaziz/gp-2027a/ego4d_data/v2/full_scale/fold6/09bf0ac3-eb69-4138-8360-2862f45a9755.mp4,1476.0,1482.0,0.3395579159259796,0.4392041265964508
98,/data/asem.a.abdelaziz/gp-2027a/ego4d_data/v2/full_scale/fold6/09bf0ac3-eb69-4138-8360-2862f45a9755.mp4,1188.0,1194.0,0.3394196629524231,0.433254212141037
99,/data/asem.a.abdelaziz/gp-2027a/ego4d_data/v2/full_scale/fold6/09bf0ac3-eb69-4138-8360-2862f45a9755.mp4,1596.0,1602.0,0.33932802081108093,0.42875760793685913
100,/data/asem.a.abdelaziz/gp-2027a/ego4d_data/v2/full_scale/fold6/09bf0ac3-eb69-4138-8360-2862f45a9755.mp4,906.0,912.0,0.3393261432647705,0.42988187074661255
101,/data/asem.a.abdelaziz/gp-2027a/ego4d_data/v2/full_scale/fold6/09bf0ac3-eb69-4138-8360-2862f45a9755.mp4,342.0,348.0,0.3392040431499481,0.44810739159584045
102,/data/asem.a.abdelaziz/gp-2027a/ego4d_data/v2/full_scale/fold6/09bf0ac3-eb69-4138-8360-2862f45a9755.mp4,564.0,570.0,0.3391913175582886,0.43678614497184753
103,/data/asem.a.abdelaziz/gp-2027a/ego4d_data/v2/full_scale/fold6/09bf0ac3-eb69-4138-8360-2862f45a9755.mp4,1482.0,1488.0,0.3390805721282959,0.438995897769928
104,/data/asem.a.abdelaziz/gp-2027a/ego4d_data/v2/full_scale/fold6/09bf0ac3-eb69-4138-8360-2862f45a9755.mp4,888.0,894.0,0.33894863724708557,0.4416493773460388
105,/data/asem.a.abdelaziz/gp-2027a/ego4d_data/v2/full_scale/fold6/09bf0ac3-eb69-4138-8360-2862f45a9755.mp4,672.0,678.0,0.33894088864326477,0.44058188796043396
106,/data/asem.a.abdelaziz/gp-2027a/ego4d_data/v2/full_scale/fold6/09bf0ac3-eb69-4138-8360-2862f45a9755.mp4,510.0,516.0,0.3387014865875244,0.44022372364997864
107,/data/asem.a.abdelaziz/gp-2027a/ego4d_data/v2/full_scale/fold6/09bf0ac3-eb69-4138-8360-2862f45a9755.mp4,1146.0,1152.0,0.33852139115333557,0.43444716930389404
108,/data/asem.a.abdelaziz/gp-2027a/ego4d_data/v2/full_scale/fold6/09bf0ac3-eb69-4138-8360-2862f45a9755.mp4,282.0,288.0,0.3385106027126312,0.4448913335800171
109,/data/asem.a.abdelaziz/gp-2027a/ego4d_data/v2/full_scale/fold6/09bf0ac3-eb69-4138-8360-2862f45a9755.mp4,714.0,720.0,0.3382573127746582,0.43164655566215515
110,/data/asem.a.abdelaziz/gp-2027a/ego4d_data/v2/full_scale/fold6/09bf0ac3-eb69-4138-8360-2862f45a9755.mp4,30.0,36.0,0.3382461369037628,0.43938711285591125
111,/data/asem.a.abdelaziz/gp-2027a/ego4d_data/v2/full_scale/fold6/09bf0ac3-eb69-4138-8360-2862f45a9755.mp4,1362.0,1368.0,0.33821597695350647,0.42630913853645325
112,/data/asem.a.abdelaziz/gp-2027a/ego4d_data/v2/full_scale/fold6/09bf0ac3-eb69-4138-8360-2862f45a9755.mp4,726.0,732.0,0.338169127702713,0.4316403865814209
113,/data/asem.a.abdelaziz/gp-2027a/ego4d_data/v2/full_scale/fold6/09bf0ac3-eb69-4138-8360-2862f45a9755.mp4,312.0,318.0,0.338085412979126,0.43254247307777405
114,/data/asem.a.abdelaziz/gp-2027a/ego4d_data/v2/full_scale/fold6/09bf0ac3-eb69-4138-8360-2862f45a9755.mp4,126.0,132.0,0.33806779980659485,0.44874489307403564
115,/data/asem.a.abdelaziz/gp-2027a/ego4d_data/v2/full_scale/fold6/09bf0ac3-eb69-4138-8360-2862f45a9755.mp4,54.0,60.0,0.33803558349609375,0.4420849680900574
116,/data/asem.a.abdelaziz/gp-2027a/ego4d_data/v2/full_scale/fold6/09bf0ac3-eb69-4138-8360-2862f45a9755.mp4,204.0,210.0,0.3380284309387207,0.4362912178039551
117,/data/asem.a.abdelaziz/gp-2027a/ego4d_data/v2/full_scale/fold6/09bf0ac3-eb69-4138-8360-2862f45a9755.mp4,582.0,588.0,0.3379591405391693,0.44119077920913696
118,/data/asem.a.abdelaziz/gp-2027a/ego4d_data/v2/full_scale/fold6/09bf0ac3-eb69-4138-8360-2862f45a9755.mp4,12.0,18.0,0.3379300832748413,0.4475308060646057
119,/data/asem.a.abdelaziz/gp-2027a/ego4d_data/v2/full_scale/fold6/09bf0ac3-eb69-4138-8360-2862f45a9755.mp4,1002.0,1008.0,0.3378118574619293,0.4274972975254059
120,/data/asem.a.abdelaziz/gp-2027a/ego4d_data/v2/full_scale/fold6/09bf0ac3-eb69-4138-8360-2862f45a9755.mp4,936.0,942.0,0.3377831280231476,0.4301559031009674
121,/data/asem.a.abdelaziz/gp-2027a/ego4d_data/v2/full_scale/fold6/09bf0ac3-eb69-4138-8360-2862f45a9755.mp4,762.0,768.0,0.3376213312149048,0.43363437056541443
122,/data/asem.a.abdelaziz/gp-2027a/ego4d_data/v2/full_scale/fold6/09bf0ac3-eb69-4138-8360-2862f45a9755.mp4,492.0,498.0,0.3376210927963257,0.4326097071170807
123,/data/asem.a.abdelaziz/gp-2027a/ego4d_data/v2/full_scale/fold6/09bf0ac3-eb69-4138-8360-2862f45a9755.mp4,858.0,864.0,0.3375909924507141,0.42623281478881836
124,/data/asem.a.abdelaziz/gp-2027a/ego4d_data/v2/full_scale/fold6/09bf0ac3-eb69-4138-8360-2862f45a9755.mp4,1458.0,1464.0,0.3375740349292755,0.43189185857772827
125,/data/asem.a.abdelaziz/gp-2027a/ego4d_data/v2/full_scale/fold6/09bf0ac3-eb69-4138-8360-2862f45a9755.mp4,558.0,564.0,0.33750927448272705,0.42799413204193115
126,/data/asem.a.abdelaziz/gp-2027a/ego4d_data/v2/full_scale/fold6/09bf0ac3-eb69-4138-8360-2862f45a9755.mp4,210.0,216.0,0.33749890327453613,0.4297031760215759
127,/data/asem.a.abdelaziz/gp-2027a/ego4d_data/v2/full_scale/fold6/09bf0ac3-eb69-4138-8360-2862f45a9755.mp4,1140.0,1146.0,0.3374314606189728,0.43235066533088684
128,/data/asem.a.abdelaziz/gp-2027a/ego4d_data/v2/full_scale/fold6/09bf0ac3-eb69-4138-8360-2862f45a9755.mp4,900.0,906.0,0.3373905420303345,0.42789027094841003
129,/data/asem.a.abdelaziz/gp-2027a/ego4d_data/v2/full_scale/fold6/09bf0ac3-eb69-4138-8360-2862f45a9755.mp4,144.0,150.0,0.3373815417289734,0.4437488913536072
130,/data/asem.a.abdelaziz/gp-2027a/ego4d_data/v2/full_scale/fold6/09bf0ac3-eb69-4138-8360-2862f45a9755.mp4,654.0,660.0,0.33731693029403687,0.43012189865112305
131,/data/asem.a.abdelaziz/gp-2027a/ego4d_data/v2/full_scale/fold6/09bf0ac3-eb69-4138-8360-2862f45a9755.mp4,18.0,24.0,0.33717161417007446,0.4340154826641083
132,/data/asem.a.abdelaziz/gp-2027a/ego4d_data/v2/full_scale/fold6/09bf0ac3-eb69-4138-8360-2862f45a9755.mp4,1308.0,1314.0,0.3371204435825348,0.4318310022354126
133,/data/asem.a.abdelaziz/gp-2027a/ego4d_data/v2/full_scale/fold6/09bf0ac3-eb69-4138-8360-2862f45a9755.mp4,1068.0,1074.0,0.33710426092147827,0.4230617880821228
134,/data/asem.a.abdelaziz/gp-2027a/ego4d_data/v2/full_scale/fold6/09bf0ac3-eb69-4138-8360-2862f45a9755.mp4,444.0,450.0,0.33704283833503723,0.429552286863327
135,/data/asem.a.abdelaziz/gp-2027a/ego4d_data/v2/full_scale/fold6/09bf0ac3-eb69-4138-8360-2862f45a9755.mp4,150.0,156.0,0.3368603587150574,0.44494637846946716
136,/data/asem.a.abdelaziz/gp-2027a/ego4d_data/v2/full_scale/fold6/09bf0ac3-eb69-4138-8360-2862f45a9755.mp4,138.0,144.0,0.33679622411727905,0.43029192090034485
137,/data/asem.a.abdelaziz/gp-2027a/ego4d_data/v2/full_scale/fold6/09bf0ac3-eb69-4138-8360-2862f45a9755.mp4,288.0,294.0,0.3367673456668854,0.43562886118888855
138,/data/asem.a.abdelaziz/gp-2027a/ego4d_data/v2/full_scale/fold6/09bf0ac3-eb69-4138-8360-2862f45a9755.mp4,1194.0,1200.0,0.336760938167572,0.4302205443382263
139,/data/asem.a.abdelaziz/gp-2027a/ego4d_data/v2/full_scale/fold6/09bf0ac3-eb69-4138-8360-2862f45a9755.mp4,468.0,474.0,0.3366986811161041,0.4215615689754486
140,/data/asem.a.abdelaziz/gp-2027a/ego4d_data/v2/full_scale/fold6/09bf0ac3-eb69-4138-8360-2862f45a9755.mp4,624.0,630.0,0.33669349551200867,0.4301750957965851
141,/data/asem.a.abdelaziz/gp-2027a/ego4d_data/v2/full_scale/fold6/09bf0ac3-eb69-4138-8360-2862f45a9755.mp4,252.0,258.0,0.336689829826355,0.42657601833343506
142,/data/asem.a.abdelaziz/gp-2027a/ego4d_data/v2/full_scale/fold6/09bf0ac3-eb69-4138-8360-2862f45a9755.mp4,984.0,990.0,0.33663827180862427,0.4248206317424774
143,/data/asem.a.abdelaziz/gp-2027a/ego4d_data/v2/full_scale/fold6/09bf0ac3-eb69-4138-8360-2862f45a9755.mp4,1242.0,1248.0,0.336619108915329,0.4218520224094391
144,/data/asem.a.abdelaziz/gp-2027a/ego4d_data/v2/full_scale/fold6/09bf0ac3-eb69-4138-8360-2862f45a9755.mp4,1236.0,1242.0,0.3364564776420593,0.4284585416316986
145,/data/asem.a.abdelaziz/gp-2027a/ego4d_data/v2/full_scale/fold6/09bf0ac3-eb69-4138-8360-2862f45a9755.mp4,1518.0,1524.0,0.3364534378051758,0.425201416015625
146,/data/asem.a.abdelaziz/gp-2027a/ego4d_data/v2/full_scale/fold6/09bf0ac3-eb69-4138-8360-2862f45a9755.mp4,426.0,432.0,0.3364253044128418,0.42675942182540894
147,/data/asem.a.abdelaziz/gp-2027a/ego4d_data/v2/full_scale/fold6/09bf0ac3-eb69-4138-8360-2862f45a9755.mp4,774.0,780.0,0.33628350496292114,0.42966946959495544
148,/data/asem.a.abdelaziz/gp-2027a/ego4d_data/v2/full_scale/fold6/09bf0ac3-eb69-4138-8360-2862f45a9755.mp4,1428.0,1434.0,0.33622294664382935,0.436979204416275
149,/data/asem.a.abdelaziz/gp-2027a/ego4d_data/v2/full_scale/fold6/09bf0ac3-eb69-4138-8360-2862f45a9755.mp4,1038.0,1044.0,0.33617669343948364,0.4245475232601166
150,/data/asem.a.abdelaziz/gp-2027a/ego4d_data/v2/full_scale/fold6/09bf0ac3-eb69-4138-8360-2862f45a9755.mp4,588.0,594.0,0.3360709846019745,0.42902305722236633
151,/data/asem.a.abdelaziz/gp-2027a/ego4d_data/v2/full_scale/fold6/09bf0ac3-eb69-4138-8360-2862f45a9755.mp4,972.0,978.0,0.33604171872138977,0.43055763840675354
152,/data/asem.a.abdelaziz/gp-2027a/ego4d_data/v2/full_scale/fold6/09bf0ac3-eb69-4138-8360-2862f45a9755.mp4,894.0,900.0,0.336026132106781,0.42546820640563965
153,/data/asem.a.abdelaziz/gp-2027a/ego4d_data/v2/full_scale/fold6/09bf0ac3-eb69-4138-8360-2862f45a9755.mp4,708.0,714.0,0.3360092341899872,0.4309568405151367
154,/data/asem.a.abdelaziz/gp-2027a/ego4d_data/v2/full_scale/fold6/09bf0ac3-eb69-4138-8360-2862f45a9755.mp4,1332.0,1338.0,0.3359840214252472,0.42483365535736084
155,/data/asem.a.abdelaziz/gp-2027a/ego4d_data/v2/full_scale/fold6/09bf0ac3-eb69-4138-8360-2862f45a9755.mp4,1290.0,1296.0,0.3359823524951935,0.4282594919204712
156,/data/asem.a.abdelaziz/gp-2027a/ego4d_data/v2/full_scale/fold6/09bf0ac3-eb69-4138-8360-2862f45a9755.mp4,1566.0,1572.0,0.3358525335788727,0.43729034066200256
157,/data/asem.a.abdelaziz/gp-2027a/ego4d_data/v2/full_scale/fold6/09bf0ac3-eb69-4138-8360-2862f45a9755.mp4,246.0,252.0,0.33575639128685,0.42384907603263855
158,/data/asem.a.abdelaziz/gp-2027a/ego4d_data/v2/full_scale/fold6/09bf0ac3-eb69-4138-8360-2862f45a9755.mp4,1260.0,1266.0,0.33562538027763367,0.4249928295612335
159,/data/asem.a.abdelaziz/gp-2027a/ego4d_data/v2/full_scale/fold6/09bf0ac3-eb69-4138-8360-2862f45a9755.mp4,222.0,228.0,0.33561697602272034,0.43361300230026245
160,/data/asem.a.abdelaziz/gp-2027a/ego4d_data/v2/full_scale/fold6/09bf0ac3-eb69-4138-8360-2862f45a9755.mp4,156.0,162.0,0.33542752265930176,0.42833393812179565
161,/data/asem.a.abdelaziz/gp-2027a/ego4d_data/v2/full_scale/fold6/09bf0ac3-eb69-4138-8360-2862f45a9755.mp4,876.0,882.0,0.3353285491466522,0.42620083689689636
162,/data/asem.a.abdelaziz/gp-2027a/ego4d_data/v2/full_scale/fold6/09bf0ac3-eb69-4138-8360-2862f45a9755.mp4,1542.0,1548.0,0.3353193700313568,0.42853695154190063
163,/data/asem.a.abdelaziz/gp-2027a/ego4d_data/v2/full_scale/fold6/09bf0ac3-eb69-4138-8360-2862f45a9755.mp4,948.0,954.0,0.33529990911483765,0.4240126311779022
164,/data/asem.a.abdelaziz/gp-2027a/ego4d_data/v2/full_scale/fold6/09bf0ac3-eb69-4138-8360-2862f45a9755.mp4,1158.0,1164.0,0.3352789878845215,0.42128846049308777
165,/data/asem.a.abdelaziz/gp-2027a/ego4d_data/v2/full_scale/fold6/09bf0ac3-eb69-4138-8360-2862f45a9755.mp4,780.0,786.0,0.335275799036026,0.43255460262298584
166,/data/asem.a.abdelaziz/gp-2027a/ego4d_data/v2/full_scale/fold6/09bf0ac3-eb69-4138-8360-2862f45a9755.mp4,438.0,444.0,0.33510974049568176,0.42714568972587585
167,/data/asem.a.abdelaziz/gp-2027a/ego4d_data/v2/full_scale/fold6/09bf0ac3-eb69-4138-8360-2862f45a9755.mp4,270.0,276.0,0.3350144922733307,0.43471595644950867
168,/data/asem.a.abdelaziz/gp-2027a/ego4d_data/v2/full_scale/fold6/09bf0ac3-eb69-4138-8360-2862f45a9755.mp4,84.0,90.0,0.33498838543891907,0.43775779008865356
169,/data/asem.a.abdelaziz/gp-2027a/ego4d_data/v2/full_scale/fold6/09bf0ac3-eb69-4138-8360-2862f45a9755.mp4,420.0,426.0,0.3349532186985016,0.42555680871009827
170,/data/asem.a.abdelaziz/gp-2027a/ego4d_data/v2/full_scale/fold6/09bf0ac3-eb69-4138-8360-2862f45a9755.mp4,318.0,324.0,0.3349088430404663,0.4357460141181946
171,/data/asem.a.abdelaziz/gp-2027a/ego4d_data/v2/full_scale/fold6/09bf0ac3-eb69-4138-8360-2862f45a9755.mp4,390.0,396.0,0.33485573530197144,0.4298655092716217
172,/data/asem.a.abdelaziz/gp-2027a/ego4d_data/v2/full_scale/fold6/09bf0ac3-eb69-4138-8360-2862f45a9755.mp4,978.0,984.0,0.33461639285087585,0.42239490151405334
173,/data/asem.a.abdelaziz/gp-2027a/ego4d_data/v2/full_scale/fold6/09bf0ac3-eb69-4138-8360-2862f45a9755.mp4,462.0,468.0,0.33443135023117065,0.4210716784000397
174,/data/asem.a.abdelaziz/gp-2027a/ego4d_data/v2/full_scale/fold6/09bf0ac3-eb69-4138-8360-2862f45a9755.mp4,1104.0,1110.0,0.3343982994556427,0.4179595708847046
175,/data/asem.a.abdelaziz/gp-2027a/ego4d_data/v2/full_scale/fold6/09bf0ac3-eb69-4138-8360-2862f45a9755.mp4,1212.0,1218.0,0.33437278866767883,0.4325174391269684
176,/data/asem.a.abdelaziz/gp-2027a/ego4d_data/v2/full_scale/fold6/09bf0ac3-eb69-4138-8360-2862f45a9755.mp4,174.0,180.0,0.334336519241333,0.42920470237731934
177,/data/asem.a.abdelaziz/gp-2027a/ego4d_data/v2/full_scale/fold6/09bf0ac3-eb69-4138-8360-2862f45a9755.mp4,1422.0,1428.0,0.33430957794189453,0.42646360397338867
178,/data/asem.a.abdelaziz/gp-2027a/ego4d_data/v2/full_scale/fold6/09bf0ac3-eb69-4138-8360-2862f45a9755.mp4,1230.0,1236.0,0.3342989385128021,0.43461424112319946
179,/data/asem.a.abdelaziz/gp-2027a/ego4d_data/v2/full_scale/fold6/09bf0ac3-eb69-4138-8360-2862f45a9755.mp4,1056.0,1062.0,0.334209144115448,0.41998133063316345
180,/data/asem.a.abdelaziz/gp-2027a/ego4d_data/v2/full_scale/fold6/09bf0ac3-eb69-4138-8360-2862f45a9755.mp4,924.0,930.0,0.3339674174785614,0.4143834114074707
181,/data/asem.a.abdelaziz/gp-2027a/ego4d_data/v2/full_scale/fold6/09bf0ac3-eb69-4138-8360-2862f45a9755.mp4,1530.0,1536.0,0.3339533805847168,0.4205612540245056
182,/data/asem.a.abdelaziz/gp-2027a/ego4d_data/v2/full_scale/fold6/09bf0ac3-eb69-4138-8360-2862f45a9755.mp4,120.0,126.0,0.33395272493362427,0.44661185145378113
183,/data/asem.a.abdelaziz/gp-2027a/ego4d_data/v2/full_scale/fold6/09bf0ac3-eb69-4138-8360-2862f45a9755.mp4,504.0,510.0,0.33389073610305786,0.41780105233192444
184,/data/asem.a.abdelaziz/gp-2027a/ego4d_data/v2/full_scale/fold6/09bf0ac3-eb69-4138-8360-2862f45a9755.mp4,516.0,522.0,0.33384230732917786,0.43557173013687134
185,/data/asem.a.abdelaziz/gp-2027a/ego4d_data/v2/full_scale/fold6/09bf0ac3-eb69-4138-8360-2862f45a9755.mp4,864.0,870.0,0.33379727602005005,0.4285982549190521
186,/data/asem.a.abdelaziz/gp-2027a/ego4d_data/v2/full_scale/fold6/09bf0ac3-eb69-4138-8360-2862f45a9755.mp4,36.0,42.0,0.33379676938056946,0.43082714080810547
187,/data/asem.a.abdelaziz/gp-2027a/ego4d_data/v2/full_scale/fold6/09bf0ac3-eb69-4138-8360-2862f45a9755.mp4,1374.0,1380.0,0.33377769589424133,0.4217437505722046
188,/data/asem.a.abdelaziz/gp-2027a/ego4d_data/v2/full_scale/fold6/09bf0ac3-eb69-4138-8360-2862f45a9755.mp4,108.0,114.0,0.3336590826511383,0.42556145787239075
189,/data/asem.a.abdelaziz/gp-2027a/ego4d_data/v2/full_scale/fold6/09bf0ac3-eb69-4138-8360-2862f45a9755.mp4,294.0,300.0,0.33365118503570557,0.42213839292526245
190,/data/asem.a.abdelaziz/gp-2027a/ego4d_data/v2/full_scale/fold6/09bf0ac3-eb69-4138-8360-2862f45a9755.mp4,402.0,408.0,0.33354541659355164,0.4307573735713959
191,/data/asem.a.abdelaziz/gp-2027a/ego4d_data/v2/full_scale/fold6/09bf0ac3-eb69-4138-8360-2862f45a9755.mp4,1536.0,1542.0,0.3335127532482147,0.4220367670059204
192,/data/asem.a.abdelaziz/gp-2027a/ego4d_data/v2/full_scale/fold6/09bf0ac3-eb69-4138-8360-2862f45a9755.mp4,1326.0,1332.0,0.33348745107650757,0.41635629534721375
193,/data/asem.a.abdelaziz/gp-2027a/ego4d_data/v2/full_scale/fold6/09bf0ac3-eb69-4138-8360-2862f45a9755.mp4,480.0,486.0,0.333467036485672,0.42571377754211426
194,/data/asem.a.abdelaziz/gp-2027a/ego4d_data/v2/full_scale/fold6/09bf0ac3-eb69-4138-8360-2862f45a9755.mp4,216.0,222.0,0.3334583342075348,0.4294856786727905
195,/data/asem.a.abdelaziz/gp-2027a/ego4d_data/v2/full_scale/fold6/09bf0ac3-eb69-4138-8360-2862f45a9755.mp4,1032.0,1038.0,0.33341649174690247,0.41384193301200867
196,/data/asem.a.abdelaziz/gp-2027a/ego4d_data/v2/full_scale/fold6/09bf0ac3-eb69-4138-8360-2862f45a9755.mp4,90.0,96.0,0.33339136838912964,0.4277302622795105
197,/data/asem.a.abdelaziz/gp-2027a/ego4d_data/v2/full_scale/fold6/09bf0ac3-eb69-4138-8360-2862f45a9755.mp4,648.0,654.0,0.33338454365730286,0.4191756844520569
198,/data/asem.a.abdelaziz/gp-2027a/ego4d_data/v2/full_scale/fold6/09bf0ac3-eb69-4138-8360-2862f45a9755.mp4,1302.0,1308.0,0.3333216607570648,0.4208962023258209
199,/data/asem.a.abdelaziz/gp-2027a/ego4d_data/v2/full_scale/fold6/09bf0ac3-eb69-4138-8360-2862f45a9755.mp4,954.0,960.0,0.33309149742126465,0.42632874846458435
200,/data/asem.a.abdelaziz/gp-2027a/ego4d_data/v2/full_scale/fold6/09bf0ac3-eb69-4138-8360-2862f45a9755.mp4,1338.0,1344.0,0.33293622732162476,0.4282573461532593
201,/data/asem.a.abdelaziz/gp-2027a/ego4d_data/v2/full_scale/fold6/09bf0ac3-eb69-4138-8360-2862f45a9755.mp4,1590.0,1596.0,0.33291861414909363,0.4168713390827179
202,/data/asem.a.abdelaziz/gp-2027a/ego4d_data/v2/full_scale/fold6/09bf0ac3-eb69-4138-8360-2862f45a9755.mp4,1086.0,1092.0,0.33287063241004944,0.4126613140106201
203,/data/asem.a.abdelaziz/gp-2027a/ego4d_data/v2/full_scale/fold6/09bf0ac3-eb69-4138-8360-2862f45a9755.mp4,882.0,888.0,0.33280032873153687,0.41193604469299316
204,/data/asem.a.abdelaziz/gp-2027a/ego4d_data/v2/full_scale/fold6/09bf0ac3-eb69-4138-8360-2862f45a9755.mp4,180.0,186.0,0.33268430829048157,0.43182528018951416
205,/data/asem.a.abdelaziz/gp-2027a/ego4d_data/v2/full_scale/fold6/09bf0ac3-eb69-4138-8360-2862f45a9755.mp4,324.0,330.0,0.3326641917228699,0.427799791097641
206,/data/asem.a.abdelaziz/gp-2027a/ego4d_data/v2/full_scale/fold6/09bf0ac3-eb69-4138-8360-2862f45a9755.mp4,378.0,384.0,0.332642525434494,0.42645156383514404
207,/data/asem.a.abdelaziz/gp-2027a/ego4d_data/v2/full_scale/fold6/09bf0ac3-eb69-4138-8360-2862f45a9755.mp4,258.0,264.0,0.3325883448123932,0.4154980480670929
208,/data/asem.a.abdelaziz/gp-2027a/ego4d_data/v2/full_scale/fold6/09bf0ac3-eb69-4138-8360-2862f45a9755.mp4,1080.0,1086.0,0.3323173224925995,0.4144032895565033
209,/data/asem.a.abdelaziz/gp-2027a/ego4d_data/v2/full_scale/fold6/09bf0ac3-eb69-4138-8360-2862f45a9755.mp4,1398.0,1404.0,0.33229365944862366,0.43186214566230774
210,/data/asem.a.abdelaziz/gp-2027a/ego4d_data/v2/full_scale/fold6/09bf0ac3-eb69-4138-8360-2862f45a9755.mp4,432.0,438.0,0.33218973875045776,0.4244511127471924
211,/data/asem.a.abdelaziz/gp-2027a/ego4d_data/v2/full_scale/fold6/09bf0ac3-eb69-4138-8360-2862f45a9755.mp4,1320.0,1326.0,0.3320794403553009,0.4204518496990204
212,/data/asem.a.abdelaziz/gp-2027a/ego4d_data/v2/full_scale/fold6/09bf0ac3-eb69-4138-8360-2862f45a9755.mp4,1074.0,1080.0,0.33206599950790405,0.415755033493042
213,/data/asem.a.abdelaziz/gp-2027a/ego4d_data/v2/full_scale/fold6/09bf0ac3-eb69-4138-8360-2862f45a9755.mp4,1122.0,1128.0,0.3320487439632416,0.4174647331237793
214,/data/asem.a.abdelaziz/gp-2027a/ego4d_data/v2/full_scale/fold6/09bf0ac3-eb69-4138-8360-2862f45a9755.mp4,1584.0,1590.0,0.3319830000400543,0.42254307866096497
215,/data/asem.a.abdelaziz/gp-2027a/ego4d_data/v2/full_scale/fold6/09bf0ac3-eb69-4138-8360-2862f45a9755.mp4,60.0,66.0,0.3319500982761383,0.42939722537994385
216,/data/asem.a.abdelaziz/gp-2027a/ego4d_data/v2/full_scale/fold6/09bf0ac3-eb69-4138-8360-2862f45a9755.mp4,966.0,972.0,0.3318406045436859,0.4334701895713806
217,/data/asem.a.abdelaziz/gp-2027a/ego4d_data/v2/full_scale/fold6/09bf0ac3-eb69-4138-8360-2862f45a9755.mp4,1380.0,1386.0,0.3318006992340088,0.41300711035728455
218,/data/asem.a.abdelaziz/gp-2027a/ego4d_data/v2/full_scale/fold6/09bf0ac3-eb69-4138-8360-2862f45a9755.mp4,1560.0,1566.0,0.33174630999565125,0.4227243959903717
219,/data/asem.a.abdelaziz/gp-2027a/ego4d_data/v2/full_scale/fold6/09bf0ac3-eb69-4138-8360-2862f45a9755.mp4,1224.0,1230.0,0.33174067735671997,0.4230128526687622
220,/data/asem.a.abdelaziz/gp-2027a/ego4d_data/v2/full_scale/fold6/09bf0ac3-eb69-4138-8360-2862f45a9755.mp4,1314.0,1320.0,0.3317309021949768,0.415622353553772
221,/data/asem.a.abdelaziz/gp-2027a/ego4d_data/v2/full_scale/fold6/09bf0ac3-eb69-4138-8360-2862f45a9755.mp4,1368.0,1374.0,0.3314645290374756,0.415085107088089
222,/data/asem.a.abdelaziz/gp-2027a/ego4d_data/v2/full_scale/fold6/09bf0ac3-eb69-4138-8360-2862f45a9755.mp4,1134.0,1140.0,0.3314492702484131,0.4236142337322235
223,/data/asem.a.abdelaziz/gp-2027a/ego4d_data/v2/full_scale/fold6/09bf0ac3-eb69-4138-8360-2862f45a9755.mp4,1254.0,1260.0,0.3314310312271118,0.41579845547676086
224,/data/asem.a.abdelaziz/gp-2027a/ego4d_data/v2/full_scale/fold6/09bf0ac3-eb69-4138-8360-2862f45a9755.mp4,1110.0,1116.0,0.3314237892627716,0.4079170525074005
225,/data/asem.a.abdelaziz/gp-2027a/ego4d_data/v2/full_scale/fold6/09bf0ac3-eb69-4138-8360-2862f45a9755.mp4,1440.0,1446.0,0.33129411935806274,0.42318663001060486
226,/data/asem.a.abdelaziz/gp-2027a/ego4d_data/v2/full_scale/fold6/09bf0ac3-eb69-4138-8360-2862f45a9755.mp4,42.0,48.0,0.33127111196517944,0.43612489104270935
227,/data/asem.a.abdelaziz/gp-2027a/ego4d_data/v2/full_scale/fold6/09bf0ac3-eb69-4138-8360-2862f45a9755.mp4,1014.0,1020.0,0.33127108216285706,0.4224947392940521
228,/data/asem.a.abdelaziz/gp-2027a/ego4d_data/v2/full_scale/fold6/09bf0ac3-eb69-4138-8360-2862f45a9755.mp4,1572.0,1578.0,0.3312067985534668,0.4191240668296814
229,/data/asem.a.abdelaziz/gp-2027a/ego4d_data/v2/full_scale/fold6/09bf0ac3-eb69-4138-8360-2862f45a9755.mp4,1278.0,1284.0,0.3311995267868042,0.4173019528388977
230,/data/asem.a.abdelaziz/gp-2027a/ego4d_data/v2/full_scale/fold6/09bf0ac3-eb69-4138-8360-2862f45a9755.mp4,228.0,234.0,0.33096760511398315,0.41539016366004944
231,/data/asem.a.abdelaziz/gp-2027a/ego4d_data/v2/full_scale/fold6/09bf0ac3-eb69-4138-8360-2862f45a9755.mp4,1416.0,1422.0,0.33096036314964294,0.4201318621635437
232,/data/asem.a.abdelaziz/gp-2027a/ego4d_data/v2/full_scale/fold6/09bf0ac3-eb69-4138-8360-2862f45a9755.mp4,1434.0,1440.0,0.33090919256210327,0.4199860692024231
233,/data/asem.a.abdelaziz/gp-2027a/ego4d_data/v2/full_scale/fold6/09bf0ac3-eb69-4138-8360-2862f45a9755.mp4,1344.0,1350.0,0.3308517038822174,0.4182426333427429
234,/data/asem.a.abdelaziz/gp-2027a/ego4d_data/v2/full_scale/fold6/09bf0ac3-eb69-4138-8360-2862f45a9755.mp4,1062.0,1068.0,0.33085161447525024,0.42251455783843994
235,/data/asem.a.abdelaziz/gp-2027a/ego4d_data/v2/full_scale/fold6/09bf0ac3-eb69-4138-8360-2862f45a9755.mp4,300.0,306.0,0.33083489537239075,0.4239029288291931
236,/data/asem.a.abdelaziz/gp-2027a/ego4d_data/v2/full_scale/fold6/09bf0ac3-eb69-4138-8360-2862f45a9755.mp4,1266.0,1272.0,0.3308275043964386,0.4104427099227905
237,/data/asem.a.abdelaziz/gp-2027a/ego4d_data/v2/full_scale/fold6/09bf0ac3-eb69-4138-8360-2862f45a9755.mp4,1020.0,1026.0,0.33076953887939453,0.425014853477478
238,/data/asem.a.abdelaziz/gp-2027a/ego4d_data/v2/full_scale/fold6/09bf0ac3-eb69-4138-8360-2862f45a9755.mp4,1152.0,1158.0,0.3307158350944519,0.4206879734992981
239,/data/asem.a.abdelaziz/gp-2027a/ego4d_data/v2/full_scale/fold6/09bf0ac3-eb69-4138-8360-2862f45a9755.mp4,1404.0,1410.0,0.3306714594364166,0.4203442931175232
240,/data/asem.a.abdelaziz/gp-2027a/ego4d_data/v2/full_scale/fold6/09bf0ac3-eb69-4138-8360-2862f45a9755.mp4,360.0,366.0,0.33046582341194153,0.434693306684494
241,/data/asem.a.abdelaziz/gp-2027a/ego4d_data/v2/full_scale/fold6/09bf0ac3-eb69-4138-8360-2862f45a9755.mp4,1392.0,1398.0,0.33037781715393066,0.42209988832473755
242,/data/asem.a.abdelaziz/gp-2027a/ego4d_data/v2/full_scale/fold6/09bf0ac3-eb69-4138-8360-2862f45a9755.mp4,1554.0,1560.0,0.33037763833999634,0.42438915371894836
243,/data/asem.a.abdelaziz/gp-2027a/ego4d_data/v2/full_scale/fold6/09bf0ac3-eb69-4138-8360-2862f45a9755.mp4,396.0,402.0,0.33036965131759644,0.4181285798549652
244,/data/asem.a.abdelaziz/gp-2027a/ego4d_data/v2/full_scale/fold6/09bf0ac3-eb69-4138-8360-2862f45a9755.mp4,330.0,336.0,0.33027344942092896,0.4183824360370636
245,/data/asem.a.abdelaziz/gp-2027a/ego4d_data/v2/full_scale/fold6/09bf0ac3-eb69-4138-8360-2862f45a9755.mp4,1218.0,1224.0,0.33023256063461304,0.4119829535484314
246,/data/asem.a.abdelaziz/gp-2027a/ego4d_data/v2/full_scale/fold6/09bf0ac3-eb69-4138-8360-2862f45a9755.mp4,1044.0,1050.0,0.3301350772380829,0.40257054567337036
247,/data/asem.a.abdelaziz/gp-2027a/ego4d_data/v2/full_scale/fold6/09bf0ac3-eb69-4138-8360-2862f45a9755.mp4,1524.0,1530.0,0.3301204442977905,0.41558313369750977
248,/data/asem.a.abdelaziz/gp-2027a/ego4d_data/v2/full_scale/fold6/09bf0ac3-eb69-4138-8360-2862f45a9755.mp4,336.0,342.0,0.3299201428890228,0.424411803483963
249,/data/asem.a.abdelaziz/gp-2027a/ego4d_data/v2/full_scale/fold6/09bf0ac3-eb69-4138-8360-2862f45a9755.mp4,408.0,414.0,0.3298693597316742,0.4233248233795166
250,/data/asem.a.abdelaziz/gp-2027a/ego4d_data/v2/full_scale/fold6/09bf0ac3-eb69-4138-8360-2862f45a9755.mp4,960.0,966.0,0.3297863304615021,0.416226327419281
251,/data/asem.a.abdelaziz/gp-2027a/ego4d_data/v2/full_scale/fold6/09bf0ac3-eb69-4138-8360-2862f45a9755.mp4,264.0,270.0,0.32975122332572937,0.42276567220687866
252,/data/asem.a.abdelaziz/gp-2027a/ego4d_data/v2/full_scale/fold6/09bf0ac3-eb69-4138-8360-2862f45a9755.mp4,1578.0,1584.0,0.3296300768852234,0.4224727749824524
253,/data/asem.a.abdelaziz/gp-2027a/ego4d_data/v2/full_scale/fold6/09bf0ac3-eb69-4138-8360-2862f45a9755.mp4,918.0,924.0,0.32961100339889526,0.4139246344566345
254,/data/asem.a.abdelaziz/gp-2027a/ego4d_data/v2/full_scale/fold6/09bf0ac3-eb69-4138-8360-2862f45a9755.mp4,1410.0,1416.0,0.32937538623809814,0.4154018759727478
255,/data/asem.a.abdelaziz/gp-2027a/ego4d_data/v2/full_scale/fold6/09bf0ac3-eb69-4138-8360-2862f45a9755.mp4,1128.0,1134.0,0.3293673098087311,0.40939149260520935
256,/data/asem.a.abdelaziz/gp-2027a/ego4d_data/v2/full_scale/fold6/09bf0ac3-eb69-4138-8360-2862f45a9755.mp4,186.0,192.0,0.3292146921157837,0.4167152941226959
257,/data/asem.a.abdelaziz/gp-2027a/ego4d_data/v2/full_scale/fold6/09bf0ac3-eb69-4138-8360-2862f45a9755.mp4,930.0,936.0,0.32910457253456116,0.4171137809753418
258,/data/asem.a.abdelaziz/gp-2027a/ego4d_data/v2/full_scale/fold6/09bf0ac3-eb69-4138-8360-2862f45a9755.mp4,168.0,174.0,0.328949511051178,0.4261415898799896
259,/data/asem.a.abdelaziz/gp-2027a/ego4d_data/v2/full_scale/fold6/09bf0ac3-eb69-4138-8360-2862f45a9755.mp4,132.0,138.0,0.32876917719841003,0.42021748423576355
260,/data/asem.a.abdelaziz/gp-2027a/ego4d_data/v2/full_scale/fold6/09bf0ac3-eb69-4138-8360-2862f45a9755.mp4,1206.0,1212.0,0.3287036716938019,0.4199232757091522
261,/data/asem.a.abdelaziz/gp-2027a/ego4d_data/v2/full_scale/fold6/09bf0ac3-eb69-4138-8360-2862f45a9755.mp4,240.0,246.0,0.3287006616592407,0.41435807943344116
262,/data/asem.a.abdelaziz/gp-2027a/ego4d_data/v2/full_scale/fold6/09bf0ac3-eb69-4138-8360-2862f45a9755.mp4,1296.0,1302.0,0.32864317297935486,0.410279244184494
263,/data/asem.a.abdelaziz/gp-2027a/ego4d_data/v2/full_scale/fold6/09bf0ac3-eb69-4138-8360-2862f45a9755.mp4,1008.0,1014.0,0.3285272419452667,0.4102066457271576
264,/data/asem.a.abdelaziz/gp-2027a/ego4d_data/v2/full_scale/fold6/09bf0ac3-eb69-4138-8360-2862f45a9755.mp4,1272.0,1278.0,0.32843127846717834,0.4084964692592621
265,/data/asem.a.abdelaziz/gp-2027a/ego4d_data/v2/full_scale/fold6/09bf0ac3-eb69-4138-8360-2862f45a9755.mp4,372.0,378.0,0.32834017276763916,0.42664340138435364
266,/data/asem.a.abdelaziz/gp-2027a/ego4d_data/v2/full_scale/fold6/09bf0ac3-eb69-4138-8360-2862f45a9755.mp4,1116.0,1122.0,0.32810094952583313,0.41393476724624634
267,/data/asem.a.abdelaziz/gp-2027a/ego4d_data/v2/full_scale/fold6/09bf0ac3-eb69-4138-8360-2862f45a9755.mp4,996.0,1002.0,0.327818363904953,0.40916693210601807
268,/data/asem.a.abdelaziz/gp-2027a/ego4d_data/v2/full_scale/fold6/09bf0ac3-eb69-4138-8360-2862f45a9755.mp4,1092.0,1098.0,0.3266938030719757,0.4021461606025696
269,/data/asem.a.abdelaziz/gp-2027a/ego4d_data/v2/full_scale/fold6/09bf0ac3-eb69-4138-8360-2862f45a9755.mp4,942.0,948.0,0.32640403509140015,0.41216278076171875
270,/data/asem.a.abdelaziz/gp-2027a/ego4d_data/v2/full_scale/fold6/09bf0ac3-eb69-4138-8360-2862f45a9755.mp4,192.0,198.0,0.32639867067337036,0.41689324378967285
271,/data/asem.a.abdelaziz/gp-2027a/ego4d_data/v2/full_scale/fold6/09bf0ac3-eb69-4138-8360-2862f45a9755.mp4,1284.0,1290.0,0.3258060812950134,0.40289464592933655
272,/data/asem.a.abdelaziz/gp-2027a/ego4d_data/v2/full_scale/fold6/09bf0ac3-eb69-4138-8360-2862f45a9755.mp4,72.0,78.0,0.3240738809108734,0.41199931502342224
273,/data/asem.a.abdelaziz/gp-2027a/ego4d_data/v2/full_scale/fold6/09bf0ac3-eb69-4138-8360-2862f45a9755.mp4,198.0,204.0,0.3228999674320221,0.4057449698448181
